map_name,hero,lose,win,Win Percent
Blizzard World,All Heroes,1014.0,1014.0,50.0
Blizzard World,Ana,59.0,58.0,49.572649572649574
Blizzard World,Ashe,33.0,32.0,49.23076923076923
Blizzard World,Baptiste,57.0,61.0,51.69491525423729
Blizzard World,Bastion,4.0,2.0,33.33333333333333
Blizzard World,Brigitte,84.0,87.0,50.877192982456144
Blizzard World,D.Va,134.0,123.0,47.85992217898833
Blizzard World,Doomfist,11.0,11.0,50.0
Blizzard World,Echo,10.0,7.0,41.17647058823529
Blizzard World,Genji,31.0,41.0,56.94444444444444
Blizzard World,Hanzo,36.0,50.0,58.139534883720934
Blizzard World,Junkrat,42.0,41.0,49.39759036144578
Blizzard World,Lúcio,79.0,61.0,43.57142857142857
Blizzard World,McCree,43.0,39.0,47.5609756097561
Blizzard World,Mei,47.0,45.0,48.91304347826087
Blizzard World,Mercy,84.0,85.0,50.29585798816568
Blizzard World,Moira,26.0,13.0,33.33333333333333
Blizzard World,Orisa,77.0,78.0,50.32258064516129
Blizzard World,Pharah,22.0,23.0,51.11111111111111
Blizzard World,Reaper,11.0,4.0,26.666666666666668
Blizzard World,Reinhardt,64.0,62.0,49.2063492063492
Blizzard World,Roadhog,25.0,28.0,52.83018867924528
Blizzard World,Sigma,25.0,32.0,56.14035087719298
Blizzard World,Soldier: 76,8.0,8.0,50.0
Blizzard World,Sombra,38.0,46.0,54.761904761904766
Blizzard World,Symmetra,,2.0,
Blizzard World,Torbjörn,3.0,4.0,57.14285714285714
Blizzard World,Tracer,105.0,95.0,47.5
Blizzard World,Widowmaker,74.0,77.0,50.993377483443716
Blizzard World,Winston,88.0,82.0,48.23529411764706
Blizzard World,Wrecking Ball,22.0,27.0,55.10204081632652
Blizzard World,Zarya,55.0,51.0,48.113207547169814
Blizzard World,Zenyatta,129.0,133.0,50.76335877862596
Busan,All Heroes,1230.0,1230.0,50.0
Busan,Ana,85.0,77.0,47.53086419753087
Busan,Ashe,47.0,51.0,52.04081632653062
Busan,Baptiste,69.0,73.0,51.40845070422535
Busan,Bastion,3.0,,
Busan,Brigitte,111.0,114.0,50.66666666666667
Busan,D.Va,127.0,124.0,49.40239043824701
Busan,Doomfist,25.0,21.0,45.65217391304348
Busan,Echo,13.0,11.0,45.83333333333333
Busan,Genji,16.0,15.0,48.38709677419355
Busan,Hanzo,14.0,9.0,39.130434782608695
Busan,Junkrat,4.0,2.0,33.33333333333333
Busan,Lúcio,158.0,148.0,48.36601307189542
Busan,McCree,43.0,45.0,51.13636363636363
Busan,Mei,56.0,54.0,49.09090909090909
Busan,Mercy,37.0,30.0,44.776119402985074
Busan,Moira,80.0,81.0,50.31055900621118
Busan,Orisa,79.0,90.0,53.25443786982249
Busan,Pharah,12.0,8.0,40.0
Busan,Reaper,55.0,50.0,47.61904761904761
Busan,Reinhardt,83.0,85.0,50.595238095238095
Busan,Roadhog,17.0,28.0,62.22222222222222
Busan,Sigma,78.0,82.0,51.24999999999999
Busan,Soldier: 76,12.0,6.0,33.33333333333333
Busan,Sombra,81.0,83.0,50.609756097560975
Busan,Symmetra,4.0,4.0,50.0
Busan,Torbjörn,9.0,8.0,47.05882352941176
Busan,Tracer,102.0,84.0,45.16129032258064
Busan,Widowmaker,71.0,71.0,50.0
Busan,Winston,67.0,62.0,48.06201550387597
Busan,Wrecking Ball,86.0,66.0,43.42105263157895
Busan,Zarya,73.0,74.0,50.34013605442177
Busan,Zenyatta,109.0,107.0,49.53703703703704
Dorado,All Heroes,1014.0,1014.0,50.0
Dorado,Ana,65.0,62.0,48.818897637795274
Dorado,Ashe,11.0,15.0,57.692307692307686
Dorado,Baptiste,11.0,9.0,45.0
Dorado,Bastion,5.0,1.0,16.666666666666664
Dorado,Brigitte,96.0,98.0,50.51546391752577
Dorado,D.Va,143.0,139.0,49.29078014184397
Dorado,Doomfist,13.0,15.0,53.57142857142857
Dorado,Echo,4.0,5.0,55.55555555555556
Dorado,Genji,46.0,52.0,53.06122448979592
Dorado,Hanzo,44.0,53.0,54.63917525773196
Dorado,Junkrat,50.0,48.0,48.97959183673469
Dorado,Lúcio,76.0,63.0,45.32374100719424
Dorado,McCree,31.0,26.0,45.614035087719294
Dorado,Mei,16.0,17.0,51.515151515151516
Dorado,Mercy,101.0,110.0,52.13270142180095
Dorado,Moira,23.0,14.0,37.83783783783784
Dorado,Orisa,71.0,81.0,53.289473684210535
Dorado,Pharah,42.0,38.0,47.5
Dorado,Reaper,13.0,14.0,51.85185185185185
Dorado,Reinhardt,71.0,69.0,49.28571428571429
Dorado,Roadhog,46.0,25.0,35.2112676056338
Dorado,Sigma,17.0,21.0,55.26315789473685
Dorado,Soldier: 76,16.0,10.0,38.46153846153847
Dorado,Sombra,47.0,38.0,44.70588235294118
Dorado,Torbjörn,3.0,4.0,57.14285714285714
Dorado,Tracer,95.0,74.0,43.786982248520715
Dorado,Widowmaker,100.0,106.0,51.45631067961165
Dorado,Winston,103.0,96.0,48.24120603015075
Dorado,Wrecking Ball,22.0,26.0,54.166666666666664
Dorado,Zarya,78.0,69.0,46.93877551020408
Dorado,Zenyatta,122.0,124.0,50.40650406504065
Eichenwalde,All Heroes,942.0,942.0,50.0
Eichenwalde,Ana,54.0,62.0,53.44827586206896
Eichenwalde,Ashe,21.0,16.0,43.24324324324324
Eichenwalde,Baptiste,43.0,49.0,53.2608695652174
Eichenwalde,Bastion,3.0,2.0,40.0
Eichenwalde,Brigitte,88.0,85.0,49.13294797687861
Eichenwalde,D.Va,111.0,112.0,50.224215246636774
Eichenwalde,Doomfist,16.0,15.0,48.38709677419355
Eichenwalde,Echo,9.0,5.0,35.714285714285715
Eichenwalde,Genji,23.0,31.0,57.407407407407405
Eichenwalde,Hanzo,29.0,24.0,45.28301886792453
Eichenwalde,Junkrat,31.0,24.0,43.63636363636363
Eichenwalde,Lúcio,94.0,94.0,50.0
Eichenwalde,McCree,60.0,53.0,46.902654867256636
Eichenwalde,Mei,30.0,31.0,50.81967213114754
Eichenwalde,Mercy,80.0,72.0,47.368421052631575
Eichenwalde,Moira,27.0,27.0,50.0
Eichenwalde,Orisa,70.0,59.0,45.73643410852713
Eichenwalde,Pharah,60.0,64.0,51.61290322580645
Eichenwalde,Reaper,22.0,19.0,46.34146341463415
Eichenwalde,Reinhardt,77.0,76.0,49.673202614379086
Eichenwalde,Roadhog,30.0,21.0,41.17647058823529
Eichenwalde,Sigma,32.0,32.0,50.0
Eichenwalde,Soldier: 76,13.0,11.0,45.83333333333333
Eichenwalde,Sombra,57.0,57.0,50.0
Eichenwalde,Symmetra,4.0,1.0,20.0
Eichenwalde,Torbjörn,6.0,4.0,40.0
Eichenwalde,Tracer,76.0,70.0,47.94520547945205
Eichenwalde,Widowmaker,27.0,19.0,41.30434782608695
Eichenwalde,Winston,81.0,81.0,50.0
Eichenwalde,Wrecking Ball,27.0,23.0,46.0
Eichenwalde,Zarya,74.0,69.0,48.25174825174825
Eichenwalde,Zenyatta,100.0,96.0,48.97959183673469
Hanamura,All Heroes,1260.0,1260.0,50.0
Hanamura,Ana,130.0,122.0,48.41269841269841
Hanamura,Ashe,56.0,51.0,47.66355140186916
Hanamura,Baptiste,93.0,94.0,50.26737967914438
Hanamura,Bastion,13.0,8.0,38.095238095238095
Hanamura,Brigitte,99.0,97.0,49.48979591836735
Hanamura,D.Va,170.0,158.0,48.170731707317074
Hanamura,Doomfist,22.0,15.0,40.54054054054054
Hanamura,Echo,19.0,18.0,48.64864864864865
Hanamura,Genji,75.0,80.0,51.61290322580645
Hanamura,Hanzo,51.0,55.0,51.886792452830186
Hanamura,Junkrat,36.0,38.0,51.35135135135135
Hanamura,Lúcio,136.0,122.0,47.286821705426355
Hanamura,McCree,37.0,37.0,50.0
Hanamura,Mei,67.0,78.0,53.79310344827586
Hanamura,Mercy,108.0,100.0,48.07692307692308
Hanamura,Moira,50.0,56.0,52.83018867924528
Hanamura,Orisa,108.0,114.0,51.35135135135135
Hanamura,Pharah,40.0,34.0,45.94594594594595
Hanamura,Reaper,30.0,28.0,48.275862068965516
Hanamura,Reinhardt,70.0,71.0,50.35460992907801
Hanamura,Roadhog,29.0,37.0,56.060606060606055
Hanamura,Sigma,61.0,60.0,49.586776859504134
Hanamura,Soldier: 76,33.0,35.0,51.470588235294116
Hanamura,Sombra,50.0,57.0,53.271028037383175
Hanamura,Symmetra,20.0,15.0,42.857142857142854
Hanamura,Torbjörn,10.0,6.0,37.5
Hanamura,Tracer,120.0,116.0,49.152542372881356
Hanamura,Widowmaker,81.0,89.0,52.352941176470594
Hanamura,Winston,126.0,121.0,48.987854251012145
Hanamura,Wrecking Ball,46.0,43.0,48.31460674157304
Hanamura,Zarya,46.0,49.0,51.578947368421055
Hanamura,Zenyatta,133.0,133.0,50.0
Havana,All Heroes,624.0,624.0,50.0
Havana,Ana,47.0,41.0,46.590909090909086
Havana,Ashe,16.0,5.0,23.809523809523807
Havana,Baptiste,72.0,63.0,46.666666666666664
Havana,Bastion,5.0,4.0,44.44444444444444
Havana,Brigitte,37.0,42.0,53.16455696202531
Havana,D.Va,56.0,62.0,52.54237288135594
Havana,Doomfist,4.0,6.0,60.0
Havana,Echo,1.0,2.0,66.66666666666666
Havana,Genji,18.0,18.0,50.0
Havana,Hanzo,51.0,48.0,48.484848484848484
Havana,Junkrat,1.0,,
Havana,Lúcio,64.0,65.0,50.3875968992248
Havana,McCree,26.0,26.0,50.0
Havana,Mei,53.0,55.0,50.92592592592593
Havana,Mercy,29.0,29.0,50.0
Havana,Moira,17.0,20.0,54.054054054054056
Havana,Orisa,58.0,54.0,48.214285714285715
Havana,Pharah,10.0,12.0,54.54545454545454
Havana,Reaper,8.0,12.0,60.0
Havana,Reinhardt,58.0,54.0,48.214285714285715
Havana,Roadhog,33.0,32.0,49.23076923076923
Havana,Sigma,34.0,30.0,46.875
Havana,Soldier: 76,3.0,2.0,40.0
Havana,Sombra,25.0,36.0,59.01639344262295
Havana,Symmetra,4.0,4.0,50.0
Havana,Torbjörn,2.0,,
Havana,Tracer,19.0,17.0,47.22222222222222
Havana,Widowmaker,59.0,56.0,48.69565217391305
Havana,Winston,10.0,11.0,52.38095238095239
Havana,Wrecking Ball,10.0,15.0,60.0
Havana,Zarya,36.0,37.0,50.68493150684932
Havana,Zenyatta,66.0,66.0,50.0
Hollywood,All Heroes,918.0,918.0,50.0
Hollywood,Ana,54.0,57.0,51.35135135135135
Hollywood,Ashe,28.0,29.0,50.877192982456144
Hollywood,Baptiste,39.0,46.0,54.11764705882353
Hollywood,Brigitte,73.0,75.0,50.67567567567568
Hollywood,D.Va,110.0,112.0,50.45045045045045
Hollywood,Doomfist,11.0,12.0,52.17391304347826
Hollywood,Echo,15.0,14.0,48.275862068965516
Hollywood,Genji,29.0,25.0,46.2962962962963
Hollywood,Hanzo,41.0,43.0,51.19047619047619
Hollywood,Junkrat,29.0,23.0,44.230769230769226
Hollywood,Lúcio,95.0,88.0,48.08743169398907
Hollywood,McCree,24.0,23.0,48.93617021276596
Hollywood,Mei,25.0,33.0,56.896551724137936
Hollywood,Mercy,60.0,57.0,48.717948717948715
Hollywood,Moira,36.0,36.0,50.0
Hollywood,Orisa,67.0,65.0,49.24242424242424
Hollywood,Pharah,28.0,30.0,51.724137931034484
Hollywood,Reaper,17.0,17.0,50.0
Hollywood,Reinhardt,64.0,64.0,50.0
Hollywood,Roadhog,44.0,43.0,49.42528735632184
Hollywood,Sigma,30.0,39.0,56.52173913043478
Hollywood,Soldier: 76,16.0,12.0,42.857142857142854
Hollywood,Sombra,52.0,47.0,47.474747474747474
Hollywood,Symmetra,,2.0,
Hollywood,Torbjörn,5.0,6.0,54.54545454545454
Hollywood,Tracer,64.0,59.0,47.96747967479675
Hollywood,Widowmaker,40.0,48.0,54.54545454545454
Hollywood,Winston,63.0,64.0,50.39370078740157
Hollywood,Wrecking Ball,21.0,16.0,43.24324324324324
Hollywood,Zarya,57.0,55.0,49.107142857142854
Hollywood,Zenyatta,101.0,111.0,52.358490566037744
Horizon Lunar Colony,All Heroes,768.0,768.0,50.0
Horizon Lunar Colony,Ana,41.0,36.0,46.75324675324675
Horizon Lunar Colony,Ashe,3.0,1.0,25.0
Horizon Lunar Colony,Baptiste,12.0,9.0,42.857142857142854
Horizon Lunar Colony,Bastion,9.0,16.0,64.0
Horizon Lunar Colony,Brigitte,73.0,75.0,50.67567567567568
Horizon Lunar Colony,D.Va,115.0,118.0,50.64377682403433
Horizon Lunar Colony,Doomfist,14.0,9.0,39.130434782608695
Horizon Lunar Colony,Genji,38.0,43.0,53.086419753086425
Horizon Lunar Colony,Hanzo,13.0,12.0,48.0
Horizon Lunar Colony,Junkrat,65.0,68.0,51.127819548872175
Horizon Lunar Colony,Lúcio,87.0,75.0,46.2962962962963
Horizon Lunar Colony,McCree,20.0,13.0,39.39393939393939
Horizon Lunar Colony,Mei,11.0,14.0,56.00000000000001
Horizon Lunar Colony,Mercy,95.0,89.0,48.369565217391305
Horizon Lunar Colony,Moira,38.0,28.0,42.42424242424242
Horizon Lunar Colony,Orisa,75.0,78.0,50.98039215686274
Horizon Lunar Colony,Pharah,18.0,17.0,48.57142857142857
Horizon Lunar Colony,Reaper,14.0,14.0,50.0
Horizon Lunar Colony,Reinhardt,71.0,64.0,47.40740740740741
Horizon Lunar Colony,Roadhog,16.0,26.0,61.904761904761905
Horizon Lunar Colony,Sigma,7.0,6.0,46.15384615384615
Horizon Lunar Colony,Soldier: 76,24.0,8.0,25.0
Horizon Lunar Colony,Sombra,67.0,69.0,50.73529411764706
Horizon Lunar Colony,Symmetra,2.0,5.0,71.42857142857143
Horizon Lunar Colony,Torbjörn,6.0,2.0,25.0
Horizon Lunar Colony,Tracer,78.0,77.0,49.67741935483871
Horizon Lunar Colony,Widowmaker,84.0,82.0,49.39759036144578
Horizon Lunar Colony,Winston,87.0,84.0,49.122807017543856
Horizon Lunar Colony,Wrecking Ball,18.0,21.0,53.84615384615385
Horizon Lunar Colony,Zarya,69.0,58.0,45.66929133858268
Horizon Lunar Colony,Zenyatta,108.0,112.0,50.90909090909091
Ilios,All Heroes,1500.0,1500.0,50.0
Ilios,Ana,88.0,91.0,50.83798882681564
Ilios,Ashe,22.0,26.0,54.166666666666664
Ilios,Baptiste,34.0,36.0,51.42857142857142
Ilios,Bastion,3.0,1.0,25.0
Ilios,Brigitte,112.0,105.0,48.38709677419355
Ilios,D.Va,218.0,210.0,49.06542056074766
Ilios,Doomfist,24.0,28.0,53.84615384615385
Ilios,Echo,18.0,21.0,53.84615384615385
Ilios,Genji,31.0,36.0,53.73134328358209
Ilios,Hanzo,19.0,20.0,51.28205128205128
Ilios,Junkrat,10.0,5.0,33.33333333333333
Ilios,Lúcio,171.0,161.0,48.493975903614455
Ilios,McCree,74.0,74.0,50.0
Ilios,Mei,41.0,37.0,47.43589743589743
Ilios,Mercy,143.0,148.0,50.85910652920962
Ilios,Moira,73.0,59.0,44.696969696969695
Ilios,Orisa,82.0,75.0,47.77070063694268
Ilios,Pharah,68.0,84.0,55.26315789473685
Ilios,Reaper,42.0,35.0,45.45454545454545
Ilios,Reinhardt,76.0,80.0,51.28205128205128
Ilios,Roadhog,26.0,25.0,49.01960784313725
Ilios,Sigma,27.0,27.0,50.0
Ilios,Soldier: 76,18.0,11.0,37.93103448275862
Ilios,Sombra,105.0,87.0,45.3125
Ilios,Symmetra,4.0,1.0,20.0
Ilios,Torbjörn,11.0,7.0,38.88888888888889
Ilios,Tracer,158.0,149.0,48.534201954397396
Ilios,Widowmaker,112.0,117.0,51.09170305676856
Ilios,Winston,168.0,170.0,50.29585798816568
Ilios,Wrecking Ball,69.0,60.0,46.51162790697674
Ilios,Zarya,79.0,81.0,50.625
Ilios,Zenyatta,158.0,154.0,49.358974358974365
Junkertown,All Heroes,906.0,906.0,50.0
Junkertown,Ana,43.0,39.0,47.5609756097561
Junkertown,Ashe,5.0,4.0,44.44444444444444
Junkertown,Baptiste,58.0,49.0,45.794392523364486
Junkertown,Bastion,63.0,43.0,40.56603773584906
Junkertown,Brigitte,36.0,36.0,50.0
Junkertown,D.Va,127.0,122.0,48.99598393574297
Junkertown,Doomfist,1.0,6.0,85.71428571428571
Junkertown,Echo,6.0,8.0,57.14285714285714
Junkertown,Genji,48.0,60.0,55.55555555555556
Junkertown,Hanzo,65.0,56.0,46.28099173553719
Junkertown,Junkrat,65.0,68.0,51.127819548872175
Junkertown,Lúcio,48.0,58.0,54.71698113207547
Junkertown,McCree,30.0,20.0,40.0
Junkertown,Mei,33.0,38.0,53.52112676056338
Junkertown,Mercy,123.0,110.0,47.21030042918455
Junkertown,Moira,13.0,23.0,63.888888888888886
Junkertown,Orisa,132.0,127.0,49.034749034749034
Junkertown,Pharah,7.0,5.0,41.66666666666667
Junkertown,Reaper,10.0,17.0,62.96296296296296
Junkertown,Reinhardt,40.0,39.0,49.36708860759494
Junkertown,Roadhog,114.0,115.0,50.21834061135371
Junkertown,Sigma,26.0,25.0,49.01960784313725
Junkertown,Soldier: 76,5.0,7.0,58.333333333333336
Junkertown,Sombra,27.0,14.0,34.146341463414636
Junkertown,Symmetra,3.0,,
Junkertown,Torbjörn,1.0,1.0,50.0
Junkertown,Tracer,86.0,72.0,45.56962025316456
Junkertown,Widowmaker,139.0,136.0,49.45454545454545
Junkertown,Winston,74.0,71.0,48.96551724137931
Junkertown,Wrecking Ball,17.0,8.0,32.0
Junkertown,Zarya,25.0,28.0,52.83018867924528
Junkertown,Zenyatta,126.0,122.0,49.193548387096776
King's Row,All Heroes,1554.0,1554.0,50.0
King's Row,Ana,92.0,95.0,50.80213903743316
King's Row,Ashe,55.0,51.0,48.113207547169814
King's Row,Baptiste,93.0,77.0,45.294117647058826
King's Row,Bastion,14.0,3.0,17.647058823529413
King's Row,Brigitte,101.0,106.0,51.20772946859904
King's Row,D.Va,186.0,180.0,49.18032786885246
King's Row,Doomfist,26.0,23.0,46.93877551020408
King's Row,Echo,14.0,16.0,53.333333333333336
King's Row,Genji,58.0,61.0,51.26050420168067
King's Row,Hanzo,87.0,87.0,50.0
King's Row,Junkrat,60.0,64.0,51.61290322580645
King's Row,Lúcio,162.0,152.0,48.40764331210191
King's Row,McCree,59.0,51.0,46.36363636363636
King's Row,Mei,74.0,77.0,50.993377483443716
King's Row,Mercy,98.0,100.0,50.505050505050505
King's Row,Moira,65.0,61.0,48.41269841269841
King's Row,Orisa,117.0,126.0,51.85185185185185
King's Row,Pharah,39.0,41.0,51.24999999999999
King's Row,Reaper,37.0,41.0,52.56410256410257
King's Row,Reinhardt,142.0,134.0,48.55072463768116
King's Row,Roadhog,65.0,62.0,48.818897637795274
King's Row,Sigma,71.0,76.0,51.70068027210885
King's Row,Soldier: 76,8.0,9.0,52.94117647058824
King's Row,Sombra,49.0,43.0,46.73913043478261
King's Row,Symmetra,4.0,5.0,55.55555555555556
King's Row,Torbjörn,5.0,2.0,28.57142857142857
King's Row,Tracer,61.0,60.0,49.586776859504134
King's Row,Widowmaker,108.0,121.0,52.838427947598255
King's Row,Winston,72.0,82.0,53.246753246753244
King's Row,Wrecking Ball,27.0,23.0,46.0
King's Row,Zarya,127.0,117.0,47.950819672131146
King's Row,Zenyatta,164.0,162.0,49.693251533742334
Lijiang Tower,All Heroes,1548.0,1548.0,50.0
Lijiang Tower,Ana,84.0,78.0,48.148148148148145
Lijiang Tower,Ashe,23.0,29.0,55.769230769230774
Lijiang Tower,Baptiste,78.0,70.0,47.2972972972973
Lijiang Tower,Bastion,,2.0,
Lijiang Tower,Brigitte,79.0,84.0,51.533742331288344
Lijiang Tower,D.Va,208.0,198.0,48.76847290640394
Lijiang Tower,Doomfist,51.0,43.0,45.744680851063826
Lijiang Tower,Echo,24.0,21.0,46.666666666666664
Lijiang Tower,Genji,48.0,40.0,45.45454545454545
Lijiang Tower,Hanzo,8.0,4.0,33.33333333333333
Lijiang Tower,Junkrat,62.0,54.0,46.55172413793103
Lijiang Tower,Lúcio,218.0,205.0,48.46335697399527
Lijiang Tower,McCree,86.0,80.0,48.19277108433735
Lijiang Tower,Mei,84.0,79.0,48.466257668711656
Lijiang Tower,Mercy,120.0,107.0,47.136563876651984
Lijiang Tower,Moira,116.0,112.0,49.122807017543856
Lijiang Tower,Orisa,92.0,83.0,47.42857142857143
Lijiang Tower,Pharah,113.0,107.0,48.63636363636364
Lijiang Tower,Reaper,83.0,69.0,45.39473684210527
Lijiang Tower,Reinhardt,161.0,156.0,49.21135646687697
Lijiang Tower,Roadhog,27.0,23.0,46.0
Lijiang Tower,Sigma,64.0,62.0,49.2063492063492
Lijiang Tower,Soldier: 76,24.0,26.0,52.0
Lijiang Tower,Sombra,67.0,66.0,49.62406015037594
Lijiang Tower,Symmetra,48.0,50.0,51.02040816326531
Lijiang Tower,Torbjörn,7.0,5.0,41.66666666666667
Lijiang Tower,Tracer,129.0,114.0,46.913580246913575
Lijiang Tower,Widowmaker,44.0,53.0,54.63917525773196
Lijiang Tower,Winston,139.0,136.0,49.45454545454545
Lijiang Tower,Wrecking Ball,65.0,52.0,44.44444444444444
Lijiang Tower,Zarya,112.0,120.0,51.724137931034484
Lijiang Tower,Zenyatta,124.0,129.0,50.988142292490124
Nepal,All Heroes,1230.0,1230.0,50.0
Nepal,Ana,53.0,47.0,47.0
Nepal,Ashe,27.0,31.0,53.44827586206896
Nepal,Baptiste,56.0,51.0,47.66355140186916
Nepal,Bastion,2.0,3.0,60.0
Nepal,Brigitte,95.0,90.0,48.64864864864865
Nepal,D.Va,169.0,163.0,49.096385542168676
Nepal,Doomfist,21.0,14.0,40.0
Nepal,Echo,12.0,8.0,40.0
Nepal,Genji,43.0,50.0,53.76344086021505
Nepal,Hanzo,12.0,16.0,57.14285714285714
Nepal,Junkrat,45.0,47.0,51.08695652173913
Nepal,Lúcio,160.0,165.0,50.76923076923077
Nepal,McCree,61.0,41.0,40.19607843137255
Nepal,Mei,51.0,51.0,50.0
Nepal,Mercy,83.0,91.0,52.29885057471264
Nepal,Moira,50.0,57.0,53.271028037383175
Nepal,Orisa,84.0,99.0,54.09836065573771
Nepal,Pharah,55.0,61.0,52.58620689655172
Nepal,Reaper,26.0,22.0,45.83333333333333
Nepal,Reinhardt,116.0,113.0,49.34497816593886
Nepal,Roadhog,39.0,45.0,53.57142857142857
Nepal,Sigma,42.0,46.0,52.27272727272727
Nepal,Soldier: 76,37.0,31.0,45.588235294117645
Nepal,Sombra,46.0,51.0,52.57731958762887
Nepal,Symmetra,11.0,18.0,62.06896551724138
Nepal,Torbjörn,5.0,9.0,64.28571428571429
Nepal,Tracer,116.0,97.0,45.539906103286384
Nepal,Widowmaker,63.0,58.0,47.93388429752066
Nepal,Winston,132.0,124.0,48.4375
Nepal,Wrecking Ball,30.0,36.0,54.54545454545454
Nepal,Zarya,91.0,84.0,48.0
Nepal,Zenyatta,148.0,144.0,49.31506849315068
Numbani,All Heroes,1014.0,1014.0,50.0
Numbani,Ana,74.0,72.0,49.31506849315068
Numbani,Ashe,26.0,27.0,50.943396226415096
Numbani,Baptiste,32.0,32.0,50.0
Numbani,Bastion,8.0,10.0,55.55555555555556
Numbani,Brigitte,74.0,72.0,49.31506849315068
Numbani,D.Va,131.0,128.0,49.42084942084942
Numbani,Doomfist,15.0,15.0,50.0
Numbani,Echo,4.0,4.0,50.0
Numbani,Genji,64.0,53.0,45.2991452991453
Numbani,Hanzo,13.0,10.0,43.47826086956522
Numbani,Junkrat,9.0,17.0,65.38461538461539
Numbani,Lúcio,86.0,82.0,48.80952380952381
Numbani,McCree,38.0,26.0,40.625
Numbani,Mei,15.0,13.0,46.42857142857143
Numbani,Mercy,111.0,104.0,48.372093023255815
Numbani,Moira,26.0,26.0,50.0
Numbani,Orisa,35.0,35.0,50.0
Numbani,Pharah,48.0,45.0,48.38709677419355
Numbani,Reaper,17.0,18.0,51.42857142857142
Numbani,Reinhardt,58.0,53.0,47.74774774774775
Numbani,Roadhog,9.0,11.0,55.00000000000001
Numbani,Sigma,27.0,26.0,49.056603773584904
Numbani,Soldier: 76,59.0,46.0,43.80952380952381
Numbani,Sombra,68.0,56.0,45.16129032258064
Numbani,Symmetra,2.0,1.0,33.33333333333333
Numbani,Torbjörn,5.0,,
Numbani,Tracer,86.0,83.0,49.112426035502956
Numbani,Widowmaker,32.0,34.0,51.515151515151516
Numbani,Winston,112.0,115.0,50.66079295154186
Numbani,Wrecking Ball,26.0,17.0,39.53488372093023
Numbani,Zarya,69.0,69.0,50.0
Numbani,Zenyatta,118.0,119.0,50.210970464135016
Oasis,All Heroes,1470.0,1470.0,50.0
Oasis,Ana,82.0,80.0,49.382716049382715
Oasis,Ashe,24.0,21.0,46.666666666666664
Oasis,Baptiste,42.0,49.0,53.84615384615385
Oasis,Bastion,,3.0,
Oasis,Brigitte,127.0,123.0,49.2
Oasis,D.Va,201.0,191.0,48.724489795918366
Oasis,Doomfist,21.0,16.0,43.24324324324324
Oasis,Echo,19.0,21.0,52.5
Oasis,Genji,32.0,37.0,53.62318840579711
Oasis,Hanzo,12.0,10.0,45.45454545454545
Oasis,Junkrat,40.0,35.0,46.666666666666664
Oasis,Lúcio,173.0,151.0,46.60493827160494
Oasis,McCree,111.0,100.0,47.39336492890995
Oasis,Mei,36.0,39.0,52.0
Oasis,Mercy,134.0,133.0,49.812734082397
Oasis,Moira,75.0,52.0,40.94488188976378
Oasis,Orisa,57.0,51.0,47.22222222222222
Oasis,Pharah,87.0,91.0,51.12359550561798
Oasis,Reaper,28.0,22.0,44.0
Oasis,Reinhardt,131.0,130.0,49.808429118773944
Oasis,Roadhog,37.0,44.0,54.32098765432099
Oasis,Sigma,40.0,39.0,49.36708860759494
Oasis,Soldier: 76,29.0,28.0,49.122807017543856
Oasis,Sombra,83.0,84.0,50.29940119760479
Oasis,Symmetra,3.0,3.0,50.0
Oasis,Torbjörn,9.0,4.0,30.76923076923077
Oasis,Tracer,135.0,131.0,49.24812030075188
Oasis,Widowmaker,35.0,43.0,55.12820512820513
Oasis,Winston,161.0,155.0,49.050632911392405
Oasis,Wrecking Ball,42.0,43.0,50.588235294117645
Oasis,Zarya,127.0,108.0,45.95744680851064
Oasis,Zenyatta,148.0,152.0,50.66666666666667
Paris,All Heroes,390.0,390.0,50.0
Paris,Ana,46.0,40.0,46.51162790697674
Paris,Ashe,4.0,3.0,42.857142857142854
Paris,Baptiste,26.0,30.0,53.57142857142857
Paris,Bastion,12.0,14.0,53.84615384615385
Paris,Brigitte,50.0,54.0,51.92307692307693
Paris,D.Va,53.0,51.0,49.03846153846153
Paris,Doomfist,6.0,8.0,57.14285714285714
Paris,Echo,5.0,4.0,44.44444444444444
Paris,Genji,10.0,6.0,37.5
Paris,Hanzo,17.0,22.0,56.41025641025641
Paris,Junkrat,15.0,11.0,42.30769230769231
Paris,Lúcio,55.0,57.0,50.89285714285714
Paris,McCree,10.0,7.0,41.17647058823529
Paris,Mei,14.0,12.0,46.15384615384615
Paris,Mercy,32.0,24.0,42.857142857142854
Paris,Moira,12.0,9.0,42.857142857142854
Paris,Orisa,36.0,38.0,51.35135135135135
Paris,Pharah,27.0,20.0,42.5531914893617
Paris,Reaper,7.0,7.0,50.0
Paris,Reinhardt,55.0,53.0,49.074074074074076
Paris,Roadhog,9.0,10.0,52.63157894736842
Paris,Sigma,9.0,12.0,57.14285714285714
Paris,Soldier: 76,3.0,4.0,57.14285714285714
Paris,Sombra,39.0,42.0,51.85185185185185
Paris,Symmetra,2.0,2.0,50.0
Paris,Torbjörn,10.0,6.0,37.5
Paris,Tracer,19.0,11.0,36.666666666666664
Paris,Widowmaker,22.0,18.0,45.0
Paris,Winston,30.0,36.0,54.54545454545454
Paris,Wrecking Ball,22.0,24.0,52.17391304347826
Paris,Zarya,44.0,50.0,53.191489361702125
Paris,Zenyatta,41.0,44.0,51.76470588235295
Rialto,All Heroes,594.0,594.0,50.0
Rialto,Ana,26.0,29.0,52.72727272727272
Rialto,Ashe,19.0,16.0,45.714285714285715
Rialto,Baptiste,34.0,38.0,52.77777777777778
Rialto,Bastion,7.0,7.0,50.0
Rialto,Brigitte,68.0,69.0,50.36496350364964
Rialto,D.Va,63.0,61.0,49.193548387096776
Rialto,Doomfist,11.0,10.0,47.61904761904761
Rialto,Echo,10.0,10.0,50.0
Rialto,Genji,5.0,4.0,44.44444444444444
Rialto,Hanzo,8.0,10.0,55.55555555555556
Rialto,Lúcio,67.0,66.0,49.62406015037594
Rialto,McCree,5.0,10.0,66.66666666666666
Rialto,Mei,15.0,15.0,50.0
Rialto,Mercy,19.0,18.0,48.64864864864865
Rialto,Moira,15.0,14.0,48.275862068965516
Rialto,Orisa,39.0,42.0,51.85185185185185
Rialto,Pharah,19.0,16.0,45.714285714285715
Rialto,Reaper,12.0,12.0,50.0
Rialto,Reinhardt,58.0,62.0,51.66666666666667
Rialto,Roadhog,3.0,3.0,50.0
Rialto,Sigma,37.0,36.0,49.31506849315068
Rialto,Soldier: 76,3.0,3.0,50.0
Rialto,Sombra,22.0,23.0,51.11111111111111
Rialto,Symmetra,1.0,1.0,50.0
Rialto,Torbjörn,1.0,2.0,66.66666666666666
Rialto,Tracer,23.0,19.0,45.23809523809524
Rialto,Widowmaker,17.0,23.0,57.49999999999999
Rialto,Winston,18.0,16.0,47.05882352941176
Rialto,Wrecking Ball,13.0,11.0,45.83333333333333
Rialto,Zarya,59.0,58.0,49.572649572649574
Rialto,Zenyatta,69.0,72.0,51.06382978723404
Route 66,All Heroes,894.0,894.0,50.0
Route 66,Ana,39.0,46.0,54.11764705882353
Route 66,Ashe,15.0,20.0,57.14285714285714
Route 66,Baptiste,39.0,41.0,51.24999999999999
Route 66,Bastion,2.0,3.0,60.0
Route 66,Brigitte,44.0,43.0,49.42528735632184
Route 66,D.Va,124.0,109.0,46.78111587982833
Route 66,Doomfist,8.0,5.0,38.46153846153847
Route 66,Echo,2.0,4.0,66.66666666666666
Route 66,Genji,38.0,33.0,46.478873239436616
Route 66,Hanzo,45.0,33.0,42.30769230769231
Route 66,Junkrat,1.0,5.0,83.33333333333334
Route 66,Lúcio,78.0,65.0,45.45454545454545
Route 66,McCree,41.0,37.0,47.43589743589743
Route 66,Mei,36.0,34.0,48.57142857142857
Route 66,Mercy,80.0,73.0,47.712418300653596
Route 66,Moira,24.0,19.0,44.18604651162791
Route 66,Orisa,52.0,47.0,47.474747474747474
Route 66,Pharah,8.0,6.0,42.857142857142854
Route 66,Reaper,25.0,15.0,37.5
Route 66,Reinhardt,40.0,39.0,49.36708860759494
Route 66,Roadhog,38.0,34.0,47.22222222222222
Route 66,Sigma,19.0,25.0,56.81818181818182
Route 66,Soldier: 76,17.0,13.0,43.333333333333336
Route 66,Sombra,50.0,49.0,49.494949494949495
Route 66,Symmetra,1.0,,
Route 66,Torbjörn,6.0,2.0,25.0
Route 66,Tracer,96.0,88.0,47.82608695652174
Route 66,Widowmaker,74.0,74.0,50.0
Route 66,Winston,82.0,84.0,50.602409638554214
Route 66,Wrecking Ball,13.0,9.0,40.909090909090914
Route 66,Zarya,38.0,34.0,47.22222222222222
Route 66,Zenyatta,115.0,124.0,51.88284518828452
Temple of Anubis,All Heroes,1434.0,1434.0,50.0
Temple of Anubis,Ana,100.0,99.0,49.74874371859296
Temple of Anubis,Ashe,53.0,65.0,55.08474576271186
Temple of Anubis,Baptiste,75.0,69.0,47.91666666666667
Temple of Anubis,Bastion,9.0,2.0,18.181818181818183
Temple of Anubis,Brigitte,114.0,114.0,50.0
Temple of Anubis,D.Va,184.0,187.0,50.40431266846361
Temple of Anubis,Doomfist,28.0,33.0,54.09836065573771
Temple of Anubis,Echo,27.0,26.0,49.056603773584904
Temple of Anubis,Genji,101.0,114.0,53.02325581395348
Temple of Anubis,Hanzo,31.0,27.0,46.55172413793103
Temple of Anubis,Junkrat,83.0,84.0,50.29940119760479
Temple of Anubis,Lúcio,129.0,121.0,48.4
Temple of Anubis,McCree,40.0,28.0,41.17647058823529
Temple of Anubis,Mei,61.0,47.0,43.51851851851852
Temple of Anubis,Mercy,134.0,131.0,49.43396226415094
Temple of Anubis,Moira,51.0,44.0,46.31578947368421
Temple of Anubis,Orisa,126.0,124.0,49.6
Temple of Anubis,Pharah,25.0,20.0,44.44444444444444
Temple of Anubis,Reaper,50.0,45.0,47.368421052631575
Temple of Anubis,Reinhardt,82.0,72.0,46.75324675324675
Temple of Anubis,Roadhog,30.0,28.0,48.275862068965516
Temple of Anubis,Sigma,54.0,51.0,48.57142857142857
Temple of Anubis,Soldier: 76,7.0,3.0,30.0
Temple of Anubis,Sombra,85.0,71.0,45.51282051282051
Temple of Anubis,Symmetra,4.0,2.0,33.33333333333333
Temple of Anubis,Torbjörn,14.0,14.0,50.0
Temple of Anubis,Tracer,109.0,113.0,50.9009009009009
Temple of Anubis,Widowmaker,108.0,104.0,49.056603773584904
Temple of Anubis,Winston,147.0,162.0,52.42718446601942
Temple of Anubis,Wrecking Ball,47.0,43.0,47.77777777777778
Temple of Anubis,Zarya,77.0,73.0,48.66666666666667
Temple of Anubis,Zenyatta,144.0,138.0,48.93617021276596
Volskaya Industries,All Heroes,1476.0,1476.0,50.0
Volskaya Industries,Ana,107.0,112.0,51.141552511415526
Volskaya Industries,Ashe,57.0,57.0,50.0
Volskaya Industries,Baptiste,64.0,59.0,47.96747967479675
Volskaya Industries,Bastion,3.0,1.0,25.0
Volskaya Industries,Brigitte,113.0,109.0,49.0990990990991
Volskaya Industries,D.Va,164.0,168.0,50.602409638554214
Volskaya Industries,Doomfist,9.0,8.0,47.05882352941176
Volskaya Industries,Echo,16.0,17.0,51.515151515151516
Volskaya Industries,Genji,68.0,62.0,47.69230769230769
Volskaya Industries,Hanzo,48.0,46.0,48.93617021276596
Volskaya Industries,Junkrat,3.0,3.0,50.0
Volskaya Industries,Lúcio,114.0,112.0,49.557522123893804
Volskaya Industries,McCree,48.0,44.0,47.82608695652174
Volskaya Industries,Mei,36.0,38.0,51.35135135135135
Volskaya Industries,Mercy,121.0,118.0,49.37238493723849
Volskaya Industries,Moira,36.0,38.0,51.35135135135135
Volskaya Industries,Orisa,74.0,69.0,48.25174825174825
Volskaya Industries,Pharah,36.0,26.0,41.935483870967744
Volskaya Industries,Reaper,26.0,28.0,51.85185185185185
Volskaya Industries,Reinhardt,62.0,61.0,49.59349593495935
Volskaya Industries,Roadhog,47.0,44.0,48.35164835164835
Volskaya Industries,Sigma,54.0,50.0,48.07692307692308
Volskaya Industries,Soldier: 76,29.0,20.0,40.816326530612244
Volskaya Industries,Sombra,107.0,102.0,48.803827751196174
Volskaya Industries,Symmetra,2.0,,
Volskaya Industries,Torbjörn,10.0,4.0,28.57142857142857
Volskaya Industries,Tracer,160.0,144.0,47.368421052631575
Volskaya Industries,Widowmaker,110.0,113.0,50.672645739910315
Volskaya Industries,Winston,139.0,148.0,51.56794425087108
Volskaya Industries,Wrecking Ball,53.0,54.0,50.467289719626166
Volskaya Industries,Zarya,85.0,76.0,47.20496894409938
Volskaya Industries,Zenyatta,157.0,164.0,51.09034267912772
Watchpoint: Gibraltar,All Heroes,1170.0,1170.0,50.0
Watchpoint: Gibraltar,Ana,103.0,93.0,47.44897959183674
Watchpoint: Gibraltar,Ashe,26.0,24.0,48.0
Watchpoint: Gibraltar,Baptiste,25.0,21.0,45.65217391304348
Watchpoint: Gibraltar,Bastion,8.0,6.0,42.857142857142854
Watchpoint: Gibraltar,Brigitte,127.0,131.0,50.775193798449614
Watchpoint: Gibraltar,D.Va,154.0,148.0,49.00662251655629
Watchpoint: Gibraltar,Doomfist,12.0,17.0,58.620689655172406
Watchpoint: Gibraltar,Echo,22.0,18.0,45.0
Watchpoint: Gibraltar,Genji,62.0,64.0,50.79365079365079
Watchpoint: Gibraltar,Hanzo,23.0,29.0,55.769230769230774
Watchpoint: Gibraltar,Junkrat,13.0,8.0,38.095238095238095
Watchpoint: Gibraltar,Lúcio,83.0,74.0,47.13375796178344
Watchpoint: Gibraltar,McCree,22.0,20.0,47.61904761904761
Watchpoint: Gibraltar,Mei,9.0,10.0,52.63157894736842
Watchpoint: Gibraltar,Mercy,92.0,97.0,51.32275132275132
Watchpoint: Gibraltar,Moira,20.0,18.0,47.368421052631575
Watchpoint: Gibraltar,Orisa,30.0,26.0,46.42857142857143
Watchpoint: Gibraltar,Pharah,5.0,5.0,50.0
Watchpoint: Gibraltar,Reaper,14.0,10.0,41.66666666666667
Watchpoint: Gibraltar,Reinhardt,59.0,51.0,46.36363636363636
Watchpoint: Gibraltar,Roadhog,13.0,8.0,38.095238095238095
Watchpoint: Gibraltar,Sigma,30.0,25.0,45.45454545454545
Watchpoint: Gibraltar,Soldier: 76,19.0,15.0,44.11764705882353
Watchpoint: Gibraltar,Sombra,61.0,61.0,50.0
Watchpoint: Gibraltar,Symmetra,,2.0,
Watchpoint: Gibraltar,Torbjörn,4.0,6.0,60.0
Watchpoint: Gibraltar,Tracer,96.0,99.0,50.76923076923077
Watchpoint: Gibraltar,Widowmaker,96.0,99.0,50.76923076923077
Watchpoint: Gibraltar,Winston,157.0,147.0,48.35526315789473
Watchpoint: Gibraltar,Wrecking Ball,22.0,15.0,40.54054054054054
Watchpoint: Gibraltar,Zarya,75.0,77.0,50.6578947368421
Watchpoint: Gibraltar,Zenyatta,126.0,129.0,50.588235294117645
